V1,V2
20000104,1
20000105,1
20000106,1
20000107,1
20000110,1
20000111,1
20000112,1
20000113,1
20000114,1
20000117,1
20000118,1
20000119,1
20000120,1
20000121,1
20000124,1
20000125,1
20000126,1
20000127,1
20000128,1
20000214,1
20000215,1
20000216,1
20000217,1
20000218,1
20000221,1
20000222,1
20000223,1
20000224,1
20000225,1
20000228,1
20000229,1
20000301,1
20000302,1
20000303,1
20000306,1
20000307,1
20000308,1
20000309,1
20000310,1
20000313,1
20000314,1
20000315,1
20000316,1
20000317,1
20000320,1
20000321,1
20000322,1
20000323,1
20000324,1
20000327,1
20000328,1
20000329,1
20000330,1
20000331,1
20000403,1
20000404,1
20000405,1
20000406,1
20000407,1
20000410,1
20000411,1
20000412,1
20000413,1
20000414,1
20000417,1
20000418,1
20000419,1
20000420,1
20000421,1
20000424,1
20000425,1
20000426,1
20000427,1
20000428,1
20000508,1
20000509,1
20000510,1
20000511,1
20000512,1
20000515,1
20000516,1
20000517,1
20000518,1
20000519,1
20000522,1
20000523,1
20000524,1
20000525,1
20000526,1
20000529,1
20000530,1
20000531,1
20000601,1
20000602,1
20000605,1
20000606,1
20000607,1
20000608,1
20000609,1
20000612,1
20000613,1
20000614,1
20000615,1
20000616,1
20000619,1
20000620,1
20000621,1
20000622,1
20000623,1
20000626,1
20000627,1
20000628,1
20000629,1
20000630,1
20000703,1
20000704,1
20000705,1
20000706,1
20000707,1
20000710,1
20000711,1
20000712,1
20000713,1
20000714,1
20000717,1
20000718,1
20000719,1
20000720,1
20000721,1
20000724,1
20000725,1
20000726,1
20000727,1
20000728,1
20000731,1
20000801,1
20000802,1
20000803,1
20000804,1
20000807,1
20000808,1
20000809,1
20000810,1
20000811,1
20000814,1
20000815,1
20000816,1
20000817,1
20000818,1
20000821,1
20000822,1
20000823,1
20000824,1
20000825,1
20000828,1
20000829,1
20000830,1
20000831,1
20000901,1
20000904,1
20000905,1
20000906,1
20000907,1
20000908,1
20000911,1
20000912,1
20000913,1
20000914,1
20000915,1
20000918,1
20000919,1
20000920,1
20000921,1
20000922,1
20000925,1
20000926,1
20000927,1
20000928,1
20000929,1
20001009,1
20001010,1
20001011,1
20001012,1
20001013,1
20001016,1
20001017,1
20001018,1
20001019,1
20001020,1
20001023,1
20001024,1
20001025,1
20001026,1
20001027,1
20001030,1
20001031,1
20001101,1
20001102,1
20001103,1
20001106,1
20001107,1
20001108,1
20001109,1
20001110,1
20001113,1
20001114,1
20001115,1
20001116,1
20001117,1
20001120,1
20001121,1
20001122,1
20001123,1
20001124,1
20001127,1
20001128,1
20001129,1
20001130,1
20001201,1
20001204,1
20001205,1
20001206,1
20001207,1
20001208,1
20001211,1
20001212,1
20001213,1
20001214,1
20001215,1
20001218,1
20001219,1
20001220,1
20001221,1
20001222,1
20001225,1
20001226,1
20001227,1
20001228,1
20001229,1
20010102,1
20010103,1
20010104,1
20010105,1
20010108,1
20010109,1
20010110,1
20010111,1
20010112,1
20010115,1
20010116,1
20010117,1
20010118,1
20010119,1
20010205,1
20010206,1
20010207,1
20010208,1
20010209,1
20010212,1
20010213,1
20010214,1
20010215,1
20010216,1
20010219,1
20010220,1
20010221,1
20010222,1
20010223,1
20010226,1
20010227,1
20010228,1
20010301,1
20010302,1
20010305,1
20010306,1
20010307,1
20010308,1
20010309,1
20010312,1
20010313,1
20010314,1
20010315,1
20010316,1
20010319,1
20010320,1
20010321,1
20010322,1
20010323,1
20010326,1
20010327,1
20010328,1
20010329,1
20010330,1
20010402,1
20010403,1
20010404,1
20010405,1
20010406,1
20010409,1
20010410,1
20010411,1
20010412,1
20010413,1
20010416,1
20010417,1
20010418,1
20010419,1
20010420,1
20010423,1
20010424,1
20010425,1
20010426,1
20010427,1
20010430,1
20010508,1
20010509,1
20010510,1
20010511,1
20010514,1
20010515,1
20010516,1
20010517,1
20010518,1
20010521,1
20010522,1
20010523,1
20010524,1
20010525,1
20010528,1
20010529,1
20010530,1
20010531,1
20010601,1
20010604,1
20010605,1
20010606,1
20010607,1
20010608,1
20010611,1
20010612,1
20010613,1
20010614,1
20010615,1
20010618,1
20010619,1
20010620,1
20010621,1
20010622,1
20010625,1
20010626,1
20010627,1
20010628,1
20010629,1
20010702,1
20010703,1
20010704,1
20010705,1
20010706,1
20010709,1
20010710,1
20010711,1
20010712,1
20010713,1
20010716,1
20010717,1
20010718,1
20010719,1
20010720,1
20010723,1
20010724,1
20010725,1
20010726,1
20010727,1
20010730,1
20010731,1
20010801,1
20010802,1
20010803,1
20010806,1
20010807,1
20010808,1
20010809,1
20010810,1
20010813,1
20010814,1
20010815,1
20010816,1
20010817,1
20010820,1
20010821,1
20010822,1
20010823,1
20010824,1
20010827,1
20010828,1
20010829,1
20010830,1
20010831,1
20010903,1
20010904,1
20010905,1
20010906,1
20010907,1
20010910,1
20010911,1
20010912,1
20010913,1
20010914,1
20010917,1
20010918,1
20010919,1
20010920,1
20010921,1
20010924,1
20010925,1
20010926,1
20010927,1
20010928,1
20011008,1
20011009,1
20011010,1
20011011,1
20011012,1
20011015,1
20011016,1
20011017,1
20011018,1
20011019,1
20011022,1
20011023,1
20011024,1
20011025,1
20011026,1
20011029,1
20011030,1
20011031,1
20011101,1
20011102,1
20011105,1
20011106,1
20011107,1
20011108,1
20011109,1
20011112,1
20011113,1
20011114,1
20011115,1
20011116,1
20011119,1
20011120,1
20011121,1
20011122,1
20011123,1
20011126,1
20011127,1
20011128,1
20011129,1
20011130,1
20011203,1
20011204,1
20011205,1
20011206,1
20011207,1
20011210,1
20011211,1
20011212,1
20011213,1
20011214,1
20011217,1
20011218,1
20011219,1
20011220,1
20011221,1
20011224,1
20011225,1
20011226,1
20011227,1
20011228,1
20011231,1
20020104,1
20020107,1
20020108,1
20020109,1
20020110,1
20020111,1
20020114,1
20020115,1
20020116,1
20020117,1
20020118,1
20020121,1
20020122,1
20020123,1
20020124,1
20020125,1
20020128,1
20020129,1
20020130,1
20020131,1
20020201,1
20020204,1
20020205,1
20020206,1
20020207,1
20020208,1
20020225,1
20020226,1
20020227,1
20020228,1
20020301,1
20020304,1
20020305,1
20020306,1
20020307,1
20020308,1
20020311,1
20020312,1
20020313,1
20020314,1
20020315,1
20020318,1
20020319,1
20020320,1
20020321,1
20020322,1
20020325,1
20020326,1
20020327,1
20020328,1
20020329,1
20020401,1
20020402,1
20020403,1
20020404,1
20020405,1
20020408,1
20020409,1
20020410,1
20020411,1
20020412,1
20020415,1
20020416,1
20020417,1
20020418,1
20020419,1
20020422,1
20020423,1
20020424,1
20020425,1
20020426,1
20020429,1
20020430,1
20020508,1
20020509,1
20020510,1
20020513,1
20020514,1
20020515,1
20020516,1
20020517,1
20020520,1
20020521,1
20020522,1
20020523,1
20020524,1
20020527,1
20020528,1
20020529,1
20020530,1
20020531,1
20020603,1
20020604,1
20020605,1
20020606,1
20020607,1
20020610,1
20020611,1
20020612,1
20020613,1
20020614,1
20020617,1
20020618,1
20020619,1
20020620,1
20020621,1
20020624,1
20020625,1
20020626,1
20020627,1
20020628,1
20020701,1
20020702,1
20020703,1
20020704,1
20020705,1
20020708,1
20020709,1
20020710,1
20020711,1
20020712,1
20020715,1
20020716,1
20020717,1
20020718,1
20020719,1
20020722,1
20020723,1
20020724,1
20020725,1
20020726,1
20020729,1
20020730,1
20020731,1
20020801,1
20020802,1
20020805,1
20020806,1
20020807,1
20020808,1
20020809,1
20020812,1
20020813,1
20020814,1
20020815,1
20020816,1
20020819,1
20020820,1
20020821,1
20020822,1
20020823,1
20020826,1
20020827,1
20020828,1
20020829,1
20020830,1
20020902,1
20020903,1
20020904,1
20020905,1
20020906,1
20020909,1
20020910,1
20020911,1
20020912,1
20020913,1
20020916,1
20020917,1
20020918,1
20020919,1
20020920,1
20020923,1
20020924,1
20020925,1
20020926,1
20020927,1
20021008,1
20021009,1
20021010,1
20021011,1
20021014,1
20021015,1
20021016,1
20021017,1
20021018,1
20021021,1
20021022,1
20021023,1
20021024,1
20021025,1
20021028,1
20021029,1
20021030,1
20021031,1
20021101,1
20021104,1
20021105,1
20021106,1
20021107,1
20021108,1
20021111,1
20021112,1
20021113,1
20021114,1
20021115,1
20021118,1
20021119,1
20021120,1
20021121,1
20021122,1
20021125,1
20021126,1
20021127,1
20021128,1
20021129,1
20021202,1
20021203,1
20021204,1
20021205,1
20021206,1
20021209,1
20021210,1
20021211,1
20021212,1
20021213,1
20021216,1
20021217,1
20021218,1
20021219,1
20021220,1
20021223,1
20021224,1
20021225,1
20021226,1
20021227,1
20021230,1
20021231,1
20030102,1
20030103,1
20030106,1
20030107,1
20030108,1
20030109,1
20030110,1
20030113,1
20030114,1
20030115,1
20030116,1
20030117,1
20030120,1
20030121,1
20030122,1
20030123,1
20030124,1
20030127,1
20030128,1
20030129,1
20030210,1
20030211,1
20030212,1
20030213,1
20030214,1
20030217,1
20030218,1
20030219,1
20030220,1
20030221,1
20030224,1
20030225,1
20030226,1
20030227,1
20030228,1
20030303,1
20030304,1
20030305,1
20030306,1
20030307,1
20030310,1
20030311,1
20030312,1
20030313,1
20030314,1
20030317,1
20030318,1
20030319,1
20030320,1
20030321,1
20030324,1
20030325,1
20030326,1
20030327,1
20030328,1
20030331,1
20030401,1
20030402,1
20030403,1
20030404,1
20030407,1
20030408,1
20030409,1
20030410,1
20030411,1
20030414,1
20030415,1
20030416,1
20030417,1
20030418,1
20030421,1
20030422,1
20030423,1
20030424,1
20030425,1
20030428,1
20030429,1
20030430,1
20030512,1
20030513,1
20030514,1
20030515,1
20030516,1
20030519,1
20030520,1
20030521,1
20030522,1
20030523,1
20030526,1
20030527,1
20030528,1
20030529,1
20030530,1
20030602,1
20030603,1
20030604,1
20030605,1
20030606,1
20030609,1
20030610,1
20030611,1
20030612,1
20030613,1
20030616,1
20030617,1
20030618,1
20030619,1
20030620,1
20030623,1
20030624,1
20030625,1
20030626,1
20030627,1
20030630,1
20030701,1
20030702,1
20030703,1
20030704,1
20030707,1
20030708,1
20030709,1
20030710,1
20030711,1
20030714,1
20030715,1
20030716,1
20030717,1
20030718,1
20030721,1
20030722,1
20030723,1
20030724,1
20030725,1
20030728,1
20030729,1
20030730,1
20030731,1
20030801,1
20030804,1
20030805,1
20030806,1
20030807,1
20030808,1
20030811,1
20030812,1
20030813,1
20030814,1
20030815,1
20030818,1
20030819,1
20030820,1
20030821,1
20030822,1
20030825,1
20030826,1
20030827,1
20030828,1
20030829,1
20030901,1
20030902,1
20030903,1
20030904,1
20030905,1
20030908,1
20030909,1
20030910,1
20030911,1
20030912,1
20030915,1
20030916,1
20030917,1
20030918,1
20030919,1
20030922,1
20030923,1
20030924,1
20030925,1
20030926,1
20030929,1
20030930,1
20031008,1
20031009,1
20031010,1
20031013,1
20031014,1
20031015,1
20031016,1
20031017,1
20031020,1
20031021,1
20031022,1
20031023,1
20031024,1
20031027,1
20031028,1
20031029,1
20031030,1
20031031,1
20031103,1
20031104,1
20031105,1
20031106,1
20031107,1
20031110,1
20031111,1
20031112,1
20031113,1
20031114,1
20031117,1
20031118,1
20031119,1
20031120,1
20031121,1
20031124,1
20031125,1
20031126,1
20031127,1
20031128,1
20031201,1
20031202,1
20031203,1
20031204,1
20031205,1
20031208,1
20031209,1
20031210,1
20031211,1
20031212,1
20031215,1
20031216,1
20031217,1
20031218,1
20031219,1
20031222,1
20031223,1
20031224,1
20031225,1
20031226,1
20031229,1
20031230,1
20031231,1
20040102,1
20040105,1
20040106,1
20040107,1
20040108,1
20040109,1
20040112,1
20040113,1
20040114,1
20040115,1
20040116,1
20040129,1
20040130,1
20040202,1
20040203,1
20040204,1
20040205,1
20040206,1
20040209,1
20040210,1
20040211,1
20040212,1
20040213,1
20040216,1
20040217,1
20040218,1
20040219,1
20040220,1
20040223,1
20040224,1
20040225,1
20040226,1
20040227,1
20040301,1
20040302,1
20040303,1
20040304,1
20040305,1
20040308,1
20040309,1
20040310,1
20040311,1
20040312,1
20040315,1
20040316,1
20040317,1
20040318,1
20040319,1
20040322,1
20040323,1
20040324,1
20040325,1
20040326,1
20040329,1
20040330,1
20040331,1
20040401,1
20040402,1
20040405,1
20040406,1
20040407,1
20040408,1
20040409,1
20040412,1
20040413,1
20040414,1
20040415,1
20040416,1
20040419,1
20040420,1
20040421,1
20040422,1
20040423,1
20040426,1
20040427,1
20040428,1
20040429,1
20040430,1
20040510,1
20040511,1
20040512,1
20040513,1
20040514,1
20040517,1
20040518,1
20040519,1
20040520,1
20040521,1
20040524,1
20040525,1
20040526,1
20040527,1
20040528,1
20040531,1
20040601,1
20040602,1
20040603,1
20040604,1
20040607,1
20040608,1
20040609,1
20040610,1
20040611,1
20040614,1
20040615,1
20040616,1
20040617,1
20040618,1
20040621,1
20040622,1
20040623,1
20040624,1
20040625,1
20040628,1
20040629,1
20040630,1
20040701,1
20040702,1
20040705,1
20040706,1
20040707,1
20040708,1
20040709,1
20040712,1
20040713,1
20040714,1
20040715,1
20040716,1
20040719,1
20040720,1
20040721,1
20040722,1
20040723,1
20040726,1
20040727,1
20040728,1
20040729,1
20040730,1
20040802,1
20040803,1
20040804,1
20040805,1
20040806,1
20040809,1
20040810,1
20040811,1
20040812,1
20040813,1
20040816,1
20040817,1
20040818,1
20040819,1
20040820,1
20040823,1
20040824,1
20040825,1
20040826,1
20040827,1
20040830,1
20040831,1
20040901,1
20040902,1
20040903,1
20040906,1
20040907,1
20040908,1
20040909,1
20040910,1
20040913,1
20040914,1
20040915,1
20040916,1
20040917,1
20040920,1
20040921,1
20040922,1
20040923,1
20040924,1
20040927,1
20040928,1
20040929,1
20040930,1
20041008,1
20041011,1
20041012,1
20041013,1
20041014,1
20041015,1
20041018,1
20041019,1
20041020,1
20041021,1
20041022,1
20041025,1
20041026,1
20041027,1
20041028,1
20041029,1
20041101,1
20041102,1
20041103,1
20041104,1
20041105,1
20041108,1
20041109,1
20041110,1
20041111,1
20041112,1
20041115,1
20041116,1
20041117,1
20041118,1
20041119,1
20041122,1
20041123,1
20041124,1
20041125,1
20041126,1
20041129,1
20041130,1
20041201,1
20041202,1
20041203,1
20041206,1
20041207,1
20041208,1
20041209,1
20041210,1
20041213,1
20041214,1
20041215,1
20041216,1
20041217,1
20041220,1
20041221,1
20041222,1
20041223,1
20041224,1
20041227,1
20041228,1
20041229,1
20041230,1
20041231,1
20050104,1
20050105,1
20050106,1
20050107,1
20050110,1
20050111,1
20050112,1
20050113,1
20050114,1
20050117,1
20050118,1
20050119,1
20050120,1
20050121,1
20050124,1
20050125,1
20050126,1
20050127,1
20050128,1
20050131,1
20050201,1
20050202,1
20050203,1
20050204,1
20050216,1
20050217,1
20050218,1
20050221,1
20050222,1
20050223,1
20050224,1
20050225,1
20050228,1
20050301,1
20050302,1
20050303,1
20050304,1
20050307,1
20050308,1
20050309,1
20050310,1
20050311,1
20050314,1
20050315,1
20050316,1
20050317,1
20050318,1
20050321,1
20050322,1
20050323,1
20050324,1
20050325,1
20050328,1
20050329,1
20050330,1
20050331,1
20050401,1
20050404,1
20050405,1
20050406,1
20050407,1
20050408,1
20050411,1
20050412,1
20050413,1
20050414,1
20050415,1
20050418,1
20050419,1
20050420,1
20050421,1
20050422,1
20050425,1
20050426,1
20050427,1
20050428,1
20050429,1
20050509,1
20050510,1
20050511,1
20050512,1
20050513,1
20050516,1
20050517,1
20050518,1
20050519,1
20050520,1
20050523,1
20050524,1
20050525,1
20050526,1
20050527,1
20050530,1
20050531,1
20050601,1
20050602,1
20050603,1
20050606,1
20050607,1
20050608,1
20050609,1
20050610,1
20050613,1
20050614,1
20050615,1
20050616,1
20050617,1
20050620,1
20050621,1
20050622,1
20050623,1
20050624,1
20050627,1
20050628,1
20050629,1
20050630,1
20050701,1
20050704,1
20050705,1
20050706,1
20050707,1
20050708,1
20050711,1
20050712,1
20050713,1
20050714,1
20050715,1
20050718,1
20050719,1
20050720,1
20050721,1
20050722,1
20050725,1
20050726,1
20050727,1
20050728,1
20050729,1
20050801,1
20050802,1
20050803,1
20050804,1
20050805,1
20050808,1
20050809,1
20050810,1
20050811,1
20050812,1
20050815,1
20050816,1
20050817,1
20050818,1
20050819,1
20050822,1
20050823,1
20050824,1
20050825,1
20050826,1
20050829,1
20050830,1
20050831,1
20050901,1
20050902,1
20050905,1
20050906,1
20050907,1
20050908,1
20050909,1
20050912,1
20050913,1
20050914,1
20050915,1
20050916,1
20050919,1
20050920,1
20050921,1
20050922,1
20050923,1
20050926,1
20050927,1
20050928,1
20050929,1
20050930,1
20051010,1
20051011,1
20051012,1
20051013,1
20051014,1
20051017,1
20051018,1
20051019,1
20051020,1
20051021,1
20051024,1
20051025,1
20051026,1
20051027,1
20051028,1
20051031,1
20051101,1
20051102,1
20051103,1
20051104,1
20051107,1
20051108,1
20051109,1
20051110,1
20051111,1
20051114,1
20051115,1
20051116,1
20051117,1
20051118,1
20051121,1
20051122,1
20051123,1
20051124,1
20051125,1
20051128,1
20051129,1
20051130,1
20051201,1
20051202,1
20051205,1
20051206,1
20051207,1
20051208,1
20051209,1
20051212,1
20051213,1
20051214,1
20051215,1
20051216,1
20051219,1
20051220,1
20051221,1
20051222,1
20051223,1
20051226,1
20051227,1
20051228,1
20051229,1
20051230,1
20060104,1
20060105,1
20060106,1
20060109,1
20060110,1
20060111,1
20060112,1
20060113,1
20060116,1
20060117,1
20060118,1
20060119,1
20060120,1
20060123,1
20060124,1
20060125,1
20060206,1
20060207,1
20060208,1
20060209,1
20060210,1
20060213,1
20060214,1
20060215,1
20060216,1
20060217,1
20060220,1
20060221,1
20060222,1
20060223,1
20060224,1
20060227,1
20060228,1
20060301,1
20060302,1
20060303,1
20060306,1
20060307,1
20060308,1
20060309,1
20060310,1
20060313,1
20060314,1
20060315,1
20060316,1
20060317,1
20060320,1
20060321,1
20060322,1
20060323,1
20060324,1
20060327,1
20060328,1
20060329,1
20060330,1
20060331,1
20060403,1
20060404,1
20060405,1
20060406,1
20060407,1
20060410,1
20060411,1
20060412,1
20060413,1
20060414,1
20060417,1
20060418,1
20060419,1
20060420,1
20060421,1
20060424,1
20060425,1
20060426,1
20060427,1
20060428,1
20060508,1
20060509,1
20060510,1
20060511,1
20060512,1
20060515,1
20060516,1
20060517,1
20060518,1
20060519,1
20060522,1
20060523,1
20060524,1
20060525,1
20060526,1
20060529,1
20060530,1
20060531,1
20060601,1
20060602,1
20060605,1
20060606,1
20060607,1
20060608,1
20060609,1
20060612,1
20060613,1
20060614,1
20060615,1
20060616,1
20060619,1
20060620,1
20060621,1
20060622,1
20060623,1
20060626,1
20060627,1
20060628,1
20060629,1
20060630,1
20060703,1
20060704,1
20060705,1
20060706,1
20060707,1
20060710,1
20060711,1
20060712,1
20060713,1
20060714,1
20060717,1
20060718,1
20060719,1
20060720,1
20060721,1
20060724,1
20060725,1
20060726,1
20060727,1
20060728,1
20060731,1
20060801,1
20060802,1
20060803,1
20060804,1
20060807,1
20060808,1
20060809,1
20060810,1
20060811,1
20060814,1
20060815,1
20060816,1
20060817,1
20060818,1
20060821,1
20060822,1
20060823,1
20060824,1
20060825,1
20060828,1
20060829,1
20060830,1
20060831,1
20060901,1
20060904,1
20060905,1
20060906,1
20060907,1
20060908,1
20060911,1
20060912,1
20060913,1
20060914,1
20060915,1
20060918,1
20060919,1
20060920,1
20060921,1
20060922,1
20060925,1
20060926,1
20060927,1
20060928,1
20060929,1
20061009,1
20061010,1
20061011,1
20061012,1
20061013,1
20061016,1
20061017,1
20061018,1
20061019,1
20061020,1
20061023,1
20061024,1
20061025,1
20061026,1
20061027,1
20061030,1
20061031,1
20061101,1
20061102,1
20061103,1
20061106,1
20061107,1
20061108,1
20061109,1
20061110,1
20061113,1
20061114,1
20061115,1
20061116,1
20061117,1
20061120,1
20061121,1
20061122,1
20061123,1
20061124,1
20061127,1
20061128,1
20061129,1
20061130,1
20061201,1
20061204,1
20061205,1
20061206,1
20061207,1
20061208,1
20061211,1
20061212,1
20061213,1
20061214,1
20061215,1
20061218,1
20061219,1
20061220,1
20061221,1
20061222,1
20061225,1
20061226,1
20061227,1
20061228,1
20061229,1
20070104,1
20070105,1
20070108,1
20070109,1
20070110,1
20070111,1
20070112,1
20070115,1
20070116,1
20070117,1
20070118,1
20070119,1
20070122,1
20070123,1
20070124,1
20070125,1
20070126,1
20070129,1
20070130,1
20070131,1
20070201,1
20070202,1
20070205,1
20070206,1
20070207,1
20070208,1
20070209,1
20070212,1
20070213,1
20070214,1
20070215,1
20070216,1
20070226,1
20070227,1
20070228,1
20070301,1
20070302,1
20070305,1
20070306,1
20070307,1
20070308,1
20070309,1
20070312,1
20070313,1
20070314,1
20070315,1
20070316,1
20070319,1
20070320,1
20070321,1
20070322,1
20070323,1
20070326,1
20070327,1
20070328,1
20070329,1
20070330,1
20070402,1
20070403,1
20070404,1
20070405,1
20070406,1
20070409,1
20070410,1
20070411,1
20070412,1
20070413,1
20070416,1
20070417,1
20070418,1
20070419,1
20070420,1
20070423,1
20070424,1
20070425,1
20070426,1
20070427,1
20070430,1
20070508,1
20070509,1
20070510,1
20070511,1
20070514,1
20070515,1
20070516,1
20070517,1
20070518,1
20070521,1
20070522,1
20070523,1
20070524,1
20070525,1
20070528,1
20070529,1
20070530,1
20070531,1
20070601,1
20070604,1
20070605,1
20070606,1
20070607,1
20070608,1
20070611,1
20070612,1
20070613,1
20070614,1
20070615,1
20070618,1
20070619,1
20070620,1
20070621,1
20070622,1
20070625,1
20070626,1
20070627,1
20070628,1
20070629,1
20070702,1
20070703,1
20070704,1
20070705,1
20070706,1
20070709,1
20070710,1
20070711,1
20070712,1
20070713,1
20070716,1
20070717,1
20070718,1
20070719,1
20070720,1
20070723,1
20070724,1
20070725,1
20070726,1
20070727,1
20070730,1
20070731,1
20070801,1
20070802,1
20070803,1
20070806,1
20070807,1
20070808,1
20070809,1
20070810,1
20070813,1
20070814,1
20070815,1
20070816,1
20070817,1
20070820,1
20070821,1
20070822,1
20070823,1
20070824,1
20070827,1
20070828,1
20070829,1
20070830,1
20070831,1
20070903,1
20070904,1
20070905,1
20070906,1
20070907,1
20070910,1
20070911,1
20070912,1
20070913,1
20070914,1
20070917,1
20070918,1
20070919,1
20070920,1
20070921,1
20070924,1
20070925,1
20070926,1
20070927,1
20070928,1
20071008,1
20071009,1
20071010,1
20071011,1
20071012,1
20071015,1
20071016,1
20071017,1
20071018,1
20071019,1
20071022,1
20071023,1
20071024,1
20071025,1
20071026,1
20071029,1
20071030,1
20071031,1
20071101,1
20071102,1
20071105,1
20071106,1
20071107,1
20071108,1
20071109,1
20071112,1
20071113,1
20071114,1
20071115,1
20071116,1
20071119,1
20071120,1
20071121,1
20071122,1
20071123,1
20071126,1
20071127,1
20071128,1
20071129,1
20071130,1
20071203,1
20071204,1
20071205,1
20071206,1
20071207,1
20071210,1
20071211,1
20071212,1
20071213,1
20071214,1
20071217,1
20071218,1
20071219,1
20071220,1
20071221,1
20071224,1
20071225,1
20071226,1
20071227,1
20071228,1
20080102,1
20080103,1
20080104,1
20080107,1
20080108,1
20080109,1
20080110,1
20080111,1
20080114,1
20080115,1
20080116,1
20080117,1
20080118,1
20080121,1
20080122,1
20080123,1
20080124,1
20080125,1
20080128,1
20080129,1
20080130,1
20080131,1
20080201,1
20080204,1
20080205,1
20080213,1
20080214,1
20080215,1
20080218,1
20080219,1
20080220,1
20080221,1
20080222,1
20080225,1
20080226,1
20080227,1
20080228,1
20080229,1
20080303,1
20080304,1
20080305,1
20080306,1
20080307,1
20080310,1
20080311,1
20080312,1
20080313,1
20080314,1
20080317,1
20080318,1
20080319,1
20080320,1
20080321,1
20080324,1
20080325,1
20080326,1
20080327,1
20080328,1
20080331,1
20080401,1
20080402,1
20080403,1
20080407,1
20080408,1
20080409,1
20080410,1
20080411,1
20080414,1
20080415,1
20080416,1
20080417,1
20080418,1
20080421,1
20080422,1
20080423,1
20080424,1
20080425,1
20080428,1
20080429,1
20080430,1
20080505,1
20080506,1
20080507,1
20080508,1
20080509,1
20080512,1
20080513,1
20080514,1
20080515,1
20080516,1
20080519,1
20080520,1
20080521,1
20080522,1
20080523,1
20080526,1
20080527,1
20080528,1
20080529,1
20080530,1
20080602,1
20080603,1
20080604,1
20080605,1
20080606,1
20080610,1
20080611,1
20080612,1
20080613,1
20080616,1
20080617,1
20080618,1
20080619,1
20080620,1
20080623,1
20080624,1
20080625,1
20080626,1
20080627,1
20080630,1
20080701,1
20080702,1
20080703,1
20080704,1
20080707,1
20080708,1
20080709,1
20080710,1
20080711,1
20080714,1
20080715,1
20080716,1
20080717,1
20080718,1
20080721,1
20080722,1
20080723,1
20080724,1
20080725,1
20080728,1
20080729,1
20080730,1
20080731,1
20080801,1
20080804,1
20080805,1
20080806,1
20080807,1
20080808,1
20080811,1
20080812,1
20080813,1
20080814,1
20080815,1
20080818,1
20080819,1
20080820,1
20080821,1
20080822,1
20080825,1
20080826,1
20080827,1
20080828,1
20080829,1
20080901,1
20080902,1
20080903,1
20080904,1
20080905,1
20080908,1
20080909,1
20080910,1
20080911,1
20080912,1
20080916,1
20080917,1
20080918,1
20080919,1
20080922,1
20080923,1
20080924,1
20080925,1
20080926,1
20081006,1
20081007,1
20081008,1
20081009,1
20081010,1
20081013,1
20081014,1
20081015,1
20081016,1
20081017,1
20081020,1
20081021,1
20081022,1
20081023,1
20081024,1
20081027,1
20081028,1
20081029,1
20081030,1
20081031,1
20081103,1
20081104,1
20081105,1
20081106,1
20081107,1
20081110,1
20081111,1
20081112,1
20081113,1
20081114,1
20081117,1
20081118,1
20081119,1
20081120,1
20081121,1
20081124,1
20081125,1
20081126,1
20081127,1
20081128,1
20081201,1
20081202,1
20081203,1
20081204,1
20081205,1
20081208,1
20081209,1
20081210,1
20081211,1
20081212,1
20081215,1
20081216,1
20081217,1
20081218,1
20081219,1
20081222,1
20081223,1
20081224,1
20081225,1
20081226,1
20081229,1
20081230,1
20081231,1
20090105,1
20090106,1
20090107,1
20090108,1
20090109,1
20090112,1
20090113,1
20090114,1
20090115,1
20090116,1
20090119,1
20090120,1
20090121,1
20090122,1
20090123,1
20090202,1
20090203,1
20090204,1
20090205,1
20090206,1
20090209,1
20090210,1
20090211,1
20090212,1
20090213,1
20090216,1
20090217,1
20090218,1
20090219,1
20090220,1
20090223,1
20090224,1
20090225,1
20090226,1
20090227,1
20090302,1
20090303,1
20090304,1
20090305,1
20090306,1
20090309,1
20090310,1
20090311,1
20090312,1
20090313,1
20090316,1
20090317,1
20090318,1
20090319,1
20090320,1
20090323,1
20090324,1
20090325,1
20090326,1
20090327,1
20090330,1
20090331,1
20090401,1
20090402,1
20090403,1
20090407,1
20090408,1
20090409,1
20090410,1
20090413,1
20090414,1
20090415,1
20090416,1
20090417,1
20090420,1
20090421,1
20090422,1
20090423,1
20090424,1
20090427,1
20090428,1
20090429,1
20090430,1
20090504,1
20090505,1
20090506,1
20090507,1
20090508,1
20090511,1
20090512,1
20090513,1
20090514,1
20090515,1
20090518,1
20090519,1
20090520,1
20090521,1
20090522,1
20090525,1
20090526,1
20090527,1
20090601,1
20090602,1
20090603,1
20090604,1
20090605,1
20090608,1
20090609,1
20090610,1
20090611,1
20090612,1
20090615,1
20090616,1
20090617,1
20090618,1
20090619,1
20090622,1
20090623,1
20090624,1
20090625,1
20090626,1
20090629,1
20090630,1
20090701,1
20090702,1
20090703,1
20090706,1
20090707,1
20090708,1
20090709,1
20090710,1
20090713,1
20090714,1
20090715,1
20090716,1
20090717,1
20090720,1
20090721,1
20090722,1
20090723,1
20090724,1
20090727,1
20090728,1
20090729,1
20090730,1
20090731,1
20090803,1
20090804,1
20090805,1
20090806,1
20090807,1
20090810,1
20090811,1
20090812,1
20090813,1
20090814,1
20090817,1
20090818,1
20090819,1
20090820,1
20090821,1
20090824,1
20090825,1
20090826,1
20090827,1
20090828,1
20090831,1
20090901,1
20090902,1
20090903,1
20090904,1
20090907,1
20090908,1
20090909,1
20090910,1
20090911,1
20090914,1
20090915,1
20090916,1
20090917,1
20090918,1
20090921,1
20090922,1
20090923,1
20090924,1
20090925,1
20090928,1
20090929,1
20090930,1
20091009,1
20091012,1
20091013,1
20091014,1
20091015,1
20091016,1
20091019,1
20091020,1
20091021,1
20091022,1
20091023,1
20091026,1
20091027,1
20091028,1
20091029,1
20091030,1
20091102,1
20091103,1
20091104,1
20091105,1
20091106,1
20091109,1
20091110,1
20091111,1
20091112,1
20091113,1
20091116,1
20091117,1
20091118,1
20091119,1
20091120,1
20091123,1
20091124,1
20091125,1
20091126,1
20091127,1
20091130,1
20091201,1
20091202,1
20091203,1
20091204,1
20091207,1
20091208,1
20091209,1
20091210,1
20091211,1
20091214,1
20091215,1
20091216,1
20091217,1
20091218,1
20091221,1
20091222,1
20091223,1
20091224,1
20091225,1
20091228,1
20091229,1
20091230,1
20091231,1
20100104,1
20100105,1
20100106,1
20100107,1
20100108,1
20100111,1
20100112,1
20100113,1
20100114,1
20100115,1
20100118,1
20100119,1
20100120,1
20100121,1
20100122,1
20100125,1
20100126,1
20100127,1
20100128,1
20100129,1
20100201,1
20100202,1
20100203,1
20100204,1
20100205,1
20100208,1
20100209,1
20100210,1
20100211,1
20100212,1
20100222,1
20100223,1
20100224,1
20100225,1
20100226,1
20100301,1
20100302,1
20100303,1
20100304,1
20100305,1
20100308,1
20100309,1
20100310,1
20100311,1
20100312,1
20100315,1
20100316,1
20100317,1
20100318,1
20100319,1
20100322,1
20100323,1
20100324,1
20100325,1
20100326,1
20100329,1
20100330,1
20100331,1
20100401,1
20100402,1
20100406,1
20100407,1
20100408,1
20100409,1
20100412,1
20100413,1
20100414,1
20100415,1
20100416,1
20100419,1
20100420,1
20100421,1
20100422,1
20100423,1
20100426,1
20100427,1
20100428,1
20100429,1
20100430,1
20100504,1
20100505,1
20100506,1
20100507,1
20100510,1
20100511,1
20100512,1
20100513,1
20100514,1
20100517,1
20100518,1
20100519,1
20100520,1
20100521,1
20100524,1
20100525,1
20100526,1
20100527,1
20100528,1
20100531,1
20100601,1
20100602,1
20100603,1
20100604,1
20100607,1
20100608,1
20100609,1
20100610,1
20100611,1
20100617,1
20100618,1
20100621,1
20100622,1
20100623,1
20100624,1
20100625,1
20100628,1
20100629,1
20100630,1
20100701,1
20100702,1
20100705,1
20100706,1
20100707,1
20100708,1
20100709,1
20100712,1
20100713,1
20100714,1
20100715,1
20100716,1
20100719,1
20100720,1
20100721,1
20100722,1
20100723,1
20100726,1
20100727,1
20100728,1
20100729,1
20100730,1
20100802,1
20100803,1
20100804,1
20100805,1
20100806,1
20100809,1
20100810,1
20100811,1
20100812,1
20100813,1
20100816,1
20100817,1
20100818,1
20100819,1
20100820,1
20100823,1
20100824,1
20100825,1
20100826,1
20100827,1
20100830,1
20100831,1
20100901,1
20100902,1
20100903,1
20100906,1
20100907,1
20100908,1
20100909,1
20100910,1
20100913,1
20100914,1
20100915,1
20100916,1
20100917,1
20100920,1
20100921,1
20100927,1
20100928,1
20100929,1
20100930,1
20101008,1
20101011,1
20101012,1
20101013,1
20101014,1
20101015,1
20101018,1
20101019,1
20101020,1
20101021,1
20101022,1
20101025,1
20101026,1
20101027,1
20101028,1
20101029,1
20101101,1
20101102,1
20101103,1
20101104,1
20101105,1
20101108,1
20101109,1
20101110,1
20101111,1
20101112,1
20101115,1
20101116,1
20101117,1
20101118,1
20101119,1
20101122,1
20101123,1
20101124,1
20101125,1
20101126,1
20101129,1
20101130,1
20101201,1
20101202,1
20101203,1
20101206,1
20101207,1
20101208,1
20101209,1
20101210,1
20101213,1
20101214,1
20101215,1
20101216,1
20101217,1
20101220,1
20101221,1
20101222,1
20101223,1
20101224,1
20101227,1
20101228,1
20101229,1
20101230,1
20101231,1
20110104,1
20110105,1
20110106,1
20110107,1
20110110,1
20110111,1
20110112,1
20110113,1
20110114,1
20110117,1
20110118,1
20110119,1
20110120,1
20110121,1
20110124,1
20110125,1
20110126,1
20110127,1
20110128,1
20110131,1
20110201,1
20110209,1
20110210,1
20110211,1
20110214,1
20110215,1
20110216,1
20110217,1
20110218,1
20110221,1
20110222,1
20110223,1
20110224,1
20110225,1
20110228,1
20110301,1
20110302,1
20110303,1
20110304,1
20110307,1
20110308,1
20110309,1
20110310,1
20110311,1
20110314,1
20110315,1
20110316,1
20110317,1
20110318,1
20110321,1
20110322,1
20110323,1
20110324,1
20110325,1
20110328,1
20110329,1
20110330,1
20110331,1
20110401,1
20110406,1
20110407,1
20110408,1
20110411,1
20110412,1
20110413,1
20110414,1
20110415,1
20110418,1
20110419,1
20110420,1
20110421,1
20110422,1
20110425,1
20110426,1
20110427,1
20110428,1
20110429,1
20110503,1
20110504,1
20110505,1
20110506,1
20110509,1
20110510,1
20110511,1
20110512,1
20110513,1
20110516,1
20110517,1
20110518,1
20110519,1
20110520,1
20110523,1
20110524,1
20110525,1
20110526,1
20110527,1
20110530,1
20110531,1
20110601,1
20110602,1
20110603,1
20110607,1
20110608,1
20110609,1
20110610,1
20110613,1
20110614,1
20110615,1
20110616,1
20110617,1
20110620,1
20110621,1
20110622,1
20110623,1
20110624,1
20110627,1
20110628,1
20110629,1
20110630,1
20110701,1
20110704,1
20110705,1
20110706,1
20110707,1
20110708,1
20110711,1
20110712,1
20110713,1
20110714,1
20110715,1
20110718,1
20110719,1
20110720,1
20110721,1
20110722,1
20110725,1
20110726,1
20110727,1
20110728,1
20110729,1
20110801,1
20110802,1
20110803,1
20110804,1
20110805,1
20110808,1
20110809,1
20110810,1
20110811,1
20110812,1
20110815,1
20110816,1
20110817,1
20110818,1
20110819,1
20110822,1
20110823,1
20110824,1
20110825,1
20110826,1
20110829,1
20110830,1
20110831,1
20110901,1
20110902,1
20110905,1
20110906,1
20110907,1
20110908,1
20110909,1
20110913,1
20110914,1
20110915,1
20110916,1
20110919,1
20110920,1
20110921,1
20110922,1
20110923,1
20110926,1
20110927,1
20110928,1
20110929,1
20110930,1
20111010,1
20111011,1
20111012,1
20111013,1
20111014,1
20111017,1
20111018,1
20111019,1
20111020,1
20111021,1
20111024,1
20111025,1
20111026,1
20111027,1
20111028,1
20111031,1
20111101,1
20111102,1
20111103,1
20111104,1
20111107,1
20111108,1
20111109,1
20111110,1
20111111,1
20111114,1
20111115,1
20111116,1
20111117,1
20111118,1
20111121,1
20111122,1
20111123,1
20111124,1
20111125,1
20111128,1
20111129,1
20111130,1
20111201,1
20111202,1
20111205,1
20111206,1
20111207,1
20111208,1
20111209,1
20111212,1
20111213,1
20111214,1
20111215,1
20111216,1
20111219,1
20111220,1
20111221,1
20111222,1
20111223,1
20111226,1
20111227,1
20111228,1
20111229,1
20111230,1
20120104,1
20120105,1
20120106,1
20120109,1
20120110,1
20120111,1
20120112,1
20120113,1
20120116,1
20120117,1
20120118,1
20120119,1
20120120,1
20120130,1
20120131,1
20120201,1
20120202,1
20120203,1
20120206,1
20120207,1
20120208,1
20120209,1
20120210,1
20120213,1
20120214,1
20120215,1
20120216,1
20120217,1
20120220,1
20120221,1
20120222,1
20120223,1
20120224,1
20120227,1
20120228,1
20120229,1
20120301,1
20120302,1
20120305,1
20120306,1
20120307,1
20120308,1
20120309,1
20120312,1
20120313,1
20120314,1
20120315,1
20120316,1
20120319,1
20120320,1
20120321,1
20120322,1
20120323,1
20120326,1
20120327,1
20120328,1
20120329,1
20120330,1
20120405,1
20120406,1
20120409,1
20120410,1
20120411,1
20120412,1
20120413,1
20120416,1
20120417,1
20120418,1
20120419,1
20120420,1
20120423,1
20120424,1
20120425,1
20120426,1
20120427,1
20120502,1
20120503,1
20120504,1
20120507,1
20120508,1
20120509,1
20120510,1
20120511,1
20120514,1
20120515,1
20120516,1
20120517,1
20120518,1
20120521,1
20120522,1
20120523,1
20120524,1
20120525,1
20120528,1
20120529,1
20120530,1
20120531,1
20120601,1
20120604,1
20120605,1
20120606,1
20120607,1
20120608,1
20120611,1
20120612,1
20120613,1
20120614,1
20120615,1
20120618,1
20120619,1
20120620,1
20120621,1
20120625,1
20120626,1
20120627,1
20120628,1
20120629,1
20120702,1
20120703,1
20120704,1
20120705,1
20120706,1
20120709,1
20120710,1
20120711,1
20120712,1
20120713,1
20120716,1
20120717,1
20120718,1
20120719,1
20120720,1
20120723,1
20120724,1
20120725,1
20120726,1
20120727,1
20120730,1
20120731,1
20120801,1
20120802,1
20120803,1
20120806,1
20120807,1
20120808,1
20120809,1
20120810,1
20120813,1
20120814,1
20120815,1
20120816,1
20120817,1
20120820,1
20120821,1
20120822,1
20120823,1
20120824,1
20120827,1
20120828,1
20120829,1
20120830,1
20120831,1
20120903,1
20120904,1
20120905,1
20120906,1
20120907,1
20120910,1
20120911,1
20120912,1
20120913,1
20120914,1
20120917,1
20120918,1
20120919,1
20120920,1
20120921,1
20120924,1
20120925,1
20120926,1
20120927,1
20120928,1
20121008,1
20121009,1
20121010,1
20121011,1
20121012,1
20121015,1
20121016,1
20121017,1
20121018,1
20121019,1
20121022,1
20121023,1
20121024,1
20121025,1
20121026,1
20121029,1
20121030,1
20121031,1
20121101,1
20121102,1
20121105,1
20121106,1
20121107,1
20121108,1
20121109,1
20121112,1
20121113,1
20121114,1
20121115,1
20121116,1
20121119,1
20121120,1
20121121,1
20121122,1
20121123,1
20121126,1
20121127,1
20121128,1
20121129,1
20121130,1
20121203,1
20121204,1
20121205,1
20121206,1
20121207,1
20121210,1
20121211,1
20121212,1
20121213,1
20121214,1
20121217,1
20121218,1
20121219,1
20121220,1
20121221,1
20121224,1
20121225,1
20121226,1
20121227,1
20121228,1
20121231,1
20130104,1
20130107,1
20130108,1
20130109,1
20130110,1
20130111,1
20130114,1
20130115,1
20130116,1
20130117,1
20130118,1
20130121,1
20130122,1
20130123,1
20130124,1
20130125,1
20130128,1
20130129,1
20130130,1
20130131,1
20130201,1
20130204,1
20130205,1
20130206,1
20130207,1
20130208,1
20130218,1
20130219,1
20130220,1
20130221,1
20130222,1
20130225,1
20130226,1
20130227,1
20130228,1
20130301,1
20130304,1
20130305,1
20130306,1
20130307,1
20130308,1
20130311,1
20130312,1
20130313,1
20130314,1
20130315,1
20130318,1
20130319,1
20130320,1
20130321,1
20130322,1
20130325,1
20130326,1
20130327,1
20130328,1
20130329,1
20130401,1
20130402,1
20130403,1
20130408,1
20130409,1
20130410,1
20130411,1
20130412,1
20130415,1
20130416,1
20130417,1
20130418,1
20130419,1
20130422,1
20130423,1
20130424,1
20130425,1
20130426,1
20130502,1
20130503,1
20130506,1
20130507,1
20130508,1
20130509,1
20130510,1
20130513,1
20130514,1
20130515,1
20130516,1
20130517,1
20130520,1
20130521,1
20130522,1
20130523,1
20130524,1
20130527,1
20130528,1
20130529,1
20130530,1
20130531,1
20130603,1
20130604,1
20130605,1
20130606,1
20130607,1
20130613,1
20130614,1
20130617,1
20130618,1
20130619,1
20130620,1
20130621,1
20130624,1
20130625,1
20130626,1
20130627,1
20130628,1
20130701,1
20130702,1
20130703,1
20130704,1
20130705,1
20130708,1
20130709,1
20130710,1
20130711,1
20130712,1
20130715,1
20130716,1
20130717,1
20130718,1
20130719,1
20130722,1
20130723,1
20130724,1
20130725,1
20130726,1
20130729,1
20130730,1
20130731,1
20130801,1
20130802,1
20130805,1
20130806,1
20130807,1
20130808,1
20130809,1
20130812,1
20130813,1
20130814,1
20130815,1
20130816,1
20130819,1
20130820,1
20130821,1
20130822,1
20130823,1
20130826,1
20130827,1
20130828,1
20130829,1
20130830,1
20130902,1
20130903,1
20130904,1
20130905,1
20130906,1
20130909,1
20130910,1
20130911,1
20130912,1
20130913,1
20130916,1
20130917,1
20130918,1
20130923,1
20130924,1
20130925,1
20130926,1
20130927,1
20130930,1
20131008,1
20131009,1
20131010,1
20131011,1
20131014,1
20131015,1
20131016,1
20131017,1
20131018,1
20131021,1
20131022,1
20131023,1
20131024,1
20131025,1
20131028,1
20131029,1
20131030,1
20131031,1
20131101,1
20131104,1
20131105,1
20131106,1
20131107,1
20131108,1
20131111,1
20131112,1
20131113,1
20131114,1
20131115,1
20131118,1
20131119,1
20131120,1
20131121,1
20131122,1
20131125,1
20131126,1
20131127,1
20131128,1
20131129,1
20131202,1
20131203,1
20131204,1
20131205,1
20131206,1
20131209,1
20131210,1
20131211,1
20131212,1
20131213,1
20131216,1
20131217,1
20131218,1
20131219,1
20131220,1
20131223,1
20131224,1
20131225,1
20131226,1
20131227,1
20131230,1
20131231,1
20140102,1
20140103,1
20140106,1
20140107,1
20140108,1
20140109,1
20140110,1
20140113,1
20140114,1
20140115,1
20140116,1
20140117,1
20140120,1
20140121,1
20140122,1
20140123,1
20140124,1
20140127,1
20140128,1
20140129,1
20140130,1
20140207,1
20140210,1
20140211,1
20140212,1
20140213,1
20140214,1
20140217,1
20140218,1
20140219,1
20140220,1
20140221,1
20140224,1
20140225,1
20140226,1
20140227,1
20140228,1
20140303,1
20140304,1
20140305,1
20140306,1
20140307,1
20140310,1
20140311,1
20140312,1
20140313,1
20140314,1
20140317,1
20140318,1
20140319,1
20140320,1
20140321,1
20140324,1
20140325,1
20140326,1
20140327,1
20140328,1
20140331,1
20140401,1
20140402,1
20140403,1
20140404,1
20140408,1
20140409,1
20140410,1
20140411,1
20140414,1
20140415,1
20140416,1
20140417,1
20140418,1
20140421,1
20140422,1
20140423,1
20140424,1
20140425,1
20140428,1
20140429,1
20140430,1
20140505,1
20140506,1
20140507,1
20140508,1
20140509,1
20140512,1
20140513,1
20140514,1
20140515,1
20140516,1
20140519,1
20140520,1
20140521,1
20140522,1
20140523,1
20140526,1
20140527,1
20140528,1
20140529,1
20140530,1
20140603,1
20140604,1
20140605,1
20140606,1
20140609,1
20140610,1
20140611,1
20140612,1
20140613,1
20140616,1
20140617,1
20140618,1
20140619,1
20140620,1
20140623,1
20140624,1
20140625,1
20140626,1
20140627,1
20140630,1
20140701,1
20140702,1
20140703,1
20140704,1
20140707,1
20140708,1
20140709,1
20140710,1
20140711,1
20140714,1
20140715,1
20140716,1
20140717,1
20140718,1
20140721,1
20140722,1
20140723,1
20140724,1
20140725,1
20140728,1
20140729,1
20140730,1
20140731,1
20140801,1
20140804,1
20140805,1
20140806,1
20140807,1
20140808,1
20140811,1
20140812,1
20140813,1
20140814,1
20140815,1
20140818,1
20140819,1
20140820,1
20140821,1
20140822,1
20140825,1
20140826,1
20140827,1
20140828,1
20140829,1
20140901,1
20140902,1
20140903,1
20140904,1
20140905,1
20140909,1
20140910,1
20140911,1
20140912,1
20140915,1
20140916,1
20140917,1
20140918,1
20140919,1
20140922,1
20140923,1
20140924,1
20140925,1
20140926,1
20140929,1
20140930,1
20141008,1
20141009,1
20141010,1
20141013,1
20141014,1
20141015,1
20141016,1
20141017,1
20141020,1
20141021,1
20141022,1
20141023,1
20141024,1
20141027,1
20141028,1
20141029,1
20141030,1
20141031,1
20141103,1
20141104,1
20141105,1
20141106,1
20141107,1
20141110,1
20141111,1
20141112,1
20141113,1
20141114,1
20141117,1
20141118,1
20141119,1
20141120,1
20141121,1
20141124,1
20141125,1
20141126,1
20141127,1
20141128,1
20141201,1
20141202,1
20141203,1
20141204,1
20141205,1
20141208,1
20141209,1
20141210,1
20141211,1
20141212,1
20141215,1
20141216,1
20141217,1
20141218,1
20141219,1
20141222,1
20141223,1
20141224,1
20141225,1
20141226,1
20141229,1
20141230,1
20141231,1
20150105,1
20150106,1
20150107,1
20150108,1
20150109,1
20150112,1
20150113,1
20150114,1
20150115,1
20150116,1
20150119,1
20150120,1
20150121,1
20150122,1
20150123,1
20150126,1
20150127,1
20150128,1
20150129,1
20150130,1
20150202,1
20150203,1
20150204,1
20150205,1
20150206,1
20150209,1
20150210,1
20150211,1
20150212,1
20150213,1
20150216,1
20150217,1
20150225,1
20150226,1
20150227,1
20150302,1
20150303,1
20150304,1
20150305,1
20150306,1
20150309,1
20150310,1
20150311,1
20150312,1
20150313,1
20150316,1
20150317,1
20150318,1
20150319,1
20150320,1
20150323,1
20150324,1
20150325,1
20150326,1
20150327,1
20150330,1
20150331,1
20150401,1
20150402,1
20150403,1
20150407,1
20150408,1
20150409,1
20150410,1
20150413,1
20150414,1
20150415,1
20150416,1
20150417,1
20150420,1
20150421,1
20150422,1
20150423,1
20150424,1
20150427,1
20150428,1
20150429,1
20150430,1
20150504,1
20150505,1
20150506,1
20150507,1
20150508,1
20150511,1
20150512,1
20150513,1
20150514,1
20150515,1
20150518,1
20150519,1
20150520,1
20150521,1
20150522,1
20150525,1
20150526,1
20150527,1
20150528,1
20150529,1
20150601,1
20150602,1
20150603,1
20150604,1
20150605,1
20150608,1
20150609,1
20150610,1
20150611,1
20150612,1
20150615,1
20150616,1
20150617,1
20150618,1
20150619,1
20150623,1
20150624,1
20150625,1
20150626,1
20150629,1
20150630,1
20150701,1
20150702,1
20150703,1
20150706,1
20150707,1
20150708,1
20150709,1
20150710,1
20150713,1
20150714,1
20150715,1
20150716,1
20150717,1
20150720,1
20150721,1
20150722,1
20150723,1
20150724,1
20150727,1
20150728,1
20150729,1
20150730,1
20150731,1
20150803,1
20150804,1
20150805,1
20150806,1
20150807,1
20150810,1
20150811,1
20150812,1
20150813,1
20150814,1
20150817,1
20150818,1
20150819,1
20150820,1
20150821,1
20150824,1
20150825,1
20150826,1
20150827,1
20150828,1
20150831,1
20150901,1
20150902,1
20150907,1
20150908,1
20150909,1
20150910,1
20150911,1
20150914,1
20150915,1
20150916,1
20150917,1
20150918,1
20150921,1
20150922,1
20150923,1
20150924,1
20150925,1
20150928,1
20150929,1
20150930,1
20151008,1
20151009,1
20151012,1
20151013,1
20151014,1
20151015,1
20151016,1
20151019,1
20151020,1
20151021,1
20151022,1
20151023,1
20151026,1
20151027,1
20151028,1
20151029,1
20151030,1
20151102,1
20151103,1
20151104,1
20151105,1
20151106,1
20151109,1
20151110,1
20151111,1
20151112,1
20151113,1
20151116,1
20151117,1
20151118,1
20151119,1
20151120,1
20151123,1
20151124,1
20151125,1
20151126,1
20151127,1
20151130,1
20151201,1
20151202,1
20151203,1
20151204,1
20151207,1
20151208,1
20151209,1
20151210,1
20151211,1
20151214,1
20151215,1
20151216,1
20151217,1
20151218,1
20151221,1
20151222,1
20151223,1
20151224,1
20151225,1
20151228,1
20151229,1
20151230,1
20151231,1
20160104,1
20160105,1
20160106,1
20160107,1
20160108,1
20160111,1
20160112,1
20160113,1
20160114,1
20160115,1
20160118,1
20160119,1
20160120,1
20160121,1
20160122,1
20160125,1
20160126,1
20160127,1
20160128,1
20160129,1
20160201,1
20160202,1
20160203,1
20160204,1
20160205,1
20160215,1
20160216,1
20160217,1
20160218,1
20160219,1
20160222,1
20160223,1
20160224,1
20160225,1
20160226,1
20160229,1
20160301,1
20160302,1
20160303,1
20160304,1
20160307,1
20160308,1
20160309,1
20160310,1
20160311,1
20160314,1
20160315,1
20160316,1
20160317,1
20160318,1
20160321,1
20160322,1
20160323,1
20160324,1
20160325,1
20160328,1
20160329,1
20160330,1
20160331,1
20160401,1
20160405,1
20160406,1
20160407,1
20160408,1
20160411,1
20160412,1
20160413,1
20160414,1
20160415,1
20160418,1
20160419,1
20160420,1
20160421,1
20160422,1
20160425,1
20160426,1
20160427,1
20160428,1
20160429,1
20160503,1
20160504,1
20160505,1
20160506,1
20160509,1
20160510,1
20160511,1
20160512,1
20160513,1
20160516,1
20160517,1
20160518,1
20160519,1
20160520,1
20160523,1
20160524,1
20160525,1
20160526,1
20160527,1
20160530,1
20160531,1
20160601,1
20160602,1
20160603,1
20160606,1
20160607,1
20160608,1
20160613,1
20160614,1
20160615,1
20160616,1
20160617,1
20160620,1
20160621,1
20160622,1
20160623,1
20160624,1
20160627,1
20160628,1
20160629,1
20160630,1
20160701,1
20160704,1
20160705,1
20160706,1
20160707,1
20160708,1
20160711,1
20160712,1
20160713,1
20160714,1
20160715,1
20160718,1
20160719,1
20160720,1
20160721,1
20160722,1
20160725,1
20160726,1
20160727,1
20160728,1
20160729,1
20160801,1
20160802,1
20160803,1
20160804,1
20160805,1
20160808,1
20160809,1
20160810,1
20160811,1
20160812,1
20160815,1
20160816,1
20160817,1
20160818,1
20160819,1
20160822,1
20160823,1
20160824,1
20160825,1
20160826,1
20160829,1
20160830,1
20160831,1
20160901,1
20160902,1
20160905,1
20160906,1
20160907,1
20160908,1
20160909,1
20160912,1
20160913,1
20160914,1
20160919,1
20160920,1
20160921,1
20160922,1
20160923,1
20160926,1
20160927,1
20160928,1
20160929,1
20160930,1
20161010,1
20161011,1
20161012,1
20161013,1
20161014,1
20161017,1
20161018,1
20161019,1
20161020,1
20161021,1
20161024,1
20161025,1
20161026,1
20161027,1
20161028,1
20161031,1
20161101,1
20161102,1
20161103,1
20161104,1
20161107,1
20161108,1
20161109,1
20161110,1
20161111,1
20161114,1
20161115,1
20161116,1
20161117,1
20161118,1
20161121,1
20161122,1
20161123,1
20161124,1
20161125,1
20161128,1
20161129,1
20161130,1
20161201,1
20161202,1
20161205,1
20161206,1
20161207,1
20161208,1
20161209,1
20161212,1
20161213,1
20161214,1
20161215,1
20161216,1
20161219,1
20161220,1
20161221,1
20161222,1
20161223,1
20161226,1
20161227,1
20161228,1
20161229,1
20161230,1
20170103,1
20170104,1
20170105,1
20170106,1
20170109,1
20170110,1
20170111,1
20170112,1
20170113,1
20170116,1
20170117,1
20170118,1
20170119,1
20170120,1
20170123,1
20170124,1
20170125,1
20170126,1
20170203,1
20170206,1
20170207,1
20170208,1
20170209,1
20170210,1
20170213,1
20170214,1
20170215,1
20170216,1
20170217,1
20170220,1
20170221,1
20170222,1
20170223,1
20170224,1
20170227,1
20170228,1
20170301,1
20170302,1
20170303,1
20170306,1
20170307,1
20170308,1
20170309,1
20170310,1
20170313,1
20170314,1
20170315,1
20170316,1
20170317,1
20170320,1
20170321,1
20170322,1
20170323,1
20170324,1
20170327,1
20170328,1
20170329,1
20170330,1
20170331,1
20170405,1
20170406,1
20170407,1
20170410,1
20170411,1
20170412,1
20170413,1
20170414,1
20170417,1
20170418,1
20170419,1
20170420,1
20170421,1
20170424,1
20170425,1
20170426,1
20170427,1
20170428,1
20170502,1
20170503,1
20170504,1
20170505,1
20170508,1
20170509,1
20170510,1
20170511,1
20170512,1
20170515,1
20170516,1
20170517,1
20170518,1
20170519,1
20170522,1
20170523,1
20170524,1
20170525,1
20170526,1
20170531,1
20170601,1
20170602,1
20170605,1
20170606,1
20170607,1
20170608,1
20170609,1
20170612,1
20170613,1
20170614,1
20170615,1
20170616,1
20170619,1
20170620,1
20170621,1
20170622,1
20170623,1
20170626,1
20170627,1
20170628,1
20170629,1
20170630,1
20170703,1
20170704,1
20170705,1
20170706,1
20170707,1
20170710,1
20170711,1
20170712,1
20170713,1
20170714,1
20170717,1
20170718,1
20170719,1
20170720,1
20170721,1
20170724,1
20170725,1
20170726,1
20170727,1
20170728,1
20170731,1
20170801,1
20170802,1
20170803,1
20170804,1
20170807,1
20170808,1
20170809,1
20170810,1
20170811,1
20170814,1
20170815,1
20170816,1
20170817,1
20170818,1
20170821,1
20170822,1
20170823,1
20170824,1
20170825,1
20170828,1
20170829,1
20170830,1
20170831,1
20170901,1
20170904,1
20170905,1
20170906,1
20170907,1
20170908,1
20170911,1
20170912,1
20170913,1
20170914,1
20170915,1
20170918,1
20170919,1
20170920,1
20170921,1
20170922,1
20170925,1
20170926,1
20170927,1
20170928,1
20170929,1
20171009,1
20171010,1
20171011,1
20171012,1
20171013,1
20171016,1
20171017,1
20171018,1
20171019,1
20171020,1
20171023,1
20171024,1
20171025,1
20171026,1
20171027,1
20171030,1
20171031,1
20171101,1
20171102,1
20171103,1
20171106,1
20171107,1
20171108,1
20171109,1
20171110,1
20171113,1
20171114,1
20171115,1
20171116,1
20171117,1
20171120,1
20171121,1
20171122,1
20171123,1
20171124,1
20171127,1
20171128,1
20171129,1
20171130,1
20171201,1
20171204,1
20171205,1
20171206,1
20171207,1
20171208,1
20171211,1
20171212,1
20171213,1
20171214,1
20171215,1
20171218,1
20171219,1
20171220,1
20171221,1
20171222,1
20171225,1
20171226,1
20171227,1
20171228,1
20171229,1
20180102,1
20180103,1
20180104,1
20180105,1
20180108,1
20180109,1
20180110,1
20180111,1
20180112,1
20180115,1
20180116,1
20180117,1
20180118,1
20180119,1
20180122,1
20180123,1
20180124,1
20180125,1
20180126,1
20180129,1
20180130,1
20180131,1
20180201,1
20180202,1
20180205,1
20180206,1
20180207,1
20180208,1
20180209,1
20180212,1
20180213,1
20180214,1
20180222,1
20180223,1
20180226,1
20180227,1
20180228,1
20180301,1
20180302,1
20180305,1
20180306,1
20180307,1
20180308,1
20180309,1
20180312,1
20180313,1
20180314,1
20180315,1
20180316,1
20180319,1
20180320,1
20180321,1
20180322,1
20180323,1
20180326,1
20180327,1
20180328,1
20180329,1
20180330,1
20180402,1
20180403,1
20180404,1
20180409,1
20180410,1
20180411,1
20180412,1
20180413,1
20180416,1
20180417,1
20180418,1
20180419,1
20180420,1
20180423,1
20180424,1
20180425,1
20180426,1
20180427,1
20180502,1
20180503,1
20180504,1
20180507,1
20180508,1
20180509,1
20180510,1
20180511,1
20180514,1
20180515,1
20180516,1
20180517,1
20180518,1
20180521,1
20180522,1
20180523,1
20180524,1
20180525,1
20180528,1
20180529,1
20180530,1
20180531,1
20180601,1
20180604,1
20180605,1
20180606,1
20180607,1
20180608,1
20180611,1
20180612,1
20180613,1
20180614,1
20180615,1
20180619,1
20180620,1
20180621,1
20180622,1
20180625,1
20180626,1
20180627,1
20180628,1
20180629,1
20180702,1
20180703,1
20180704,1
20180705,1
20180706,1
20180709,1
20180710,1
20180711,1
20180712,1
20180713,1
20180716,1
20180717,1
20180718,1
20180719,1
20180720,1
20180723,1
20180724,1
20180725,1
20180726,1
20180727,1
20180730,1
20180731,1
20180801,1
20180802,1
20180803,1
20180806,1
20180807,1
20180808,1
20180809,1
20180810,1
20180813,1
20180814,1
20180815,1
20180816,1
20180817,1
20180820,1
20180821,1
20180822,1
20180823,1
20180824,1
20180827,1
20180828,1
20180829,1
20180830,1
20180831,1
20180903,1
20180904,1
20180905,1
20180906,1
20180907,1
20180910,1
20180911,1
20180912,1
20180913,1
20180914,1
20180917,1
20180918,1
20180919,1
20180920,1
20180921,1
20180925,1
20180926,1
20180927,1
20180928,1
20181008,1
20181009,1
20181010,1
20181011,1
20181012,1
20181015,1
20181016,1
20181017,1
20181018,1
20181019,1
20181022,1
20181023,1
20181024,1
20181025,1
20181026,1
20181029,1
20181030,1
20181031,1
20181101,1
20181102,1
20181105,1
20181106,1
20181107,1
20181108,1
20181109,1
20181112,1
20181113,1
20181114,1
20181115,1
20181116,1
20181119,1
20181120,1
20181121,1
20181122,1
20181123,1
20181126,1
20181127,1
20181128,1
20181129,1
20181130,1
20181203,1
20181204,1
20181205,1
20181206,1
20181207,1
20181210,1
20181211,1
20181212,1
20181213,1
20181214,1
20181217,1
20181218,1
20181219,1
20181220,1
20181221,1
20181224,1
20181225,1
20181226,1
20181227,1
20181228,1
20190102,1
20190103,1
20190104,1
20190107,1
20190108,1
20190109,1
20190110,1
20190111,1
20190114,1
20190115,1
20190116,1
20190117,1
20190118,1
20190121,1
20190122,1
20190123,1
20190124,1
20190125,1
20190128,1
20190129,1
20190130,1
20190131,1
20190201,1
20190211,1
20190212,1
20190213,1
20190214,1
20190215,1
20190218,1
20190219,1
20190220,1
20190221,1
20190222,1
20190225,1
20190226,1
20190227,1
20190228,1
20190301,1
20190304,1
20190305,1
20190306,1
20190307,1
20190308,1
20190311,1
20190312,1
20190313,1
20190314,1
20190315,1
20190318,1
20190319,1
20190320,1
20190321,1
20190322,1
20190325,1
20190326,1
20190327,1
20190328,1
20190329,1
20190401,1
20190402,1
20190403,1
20190404,1
20190408,1
20190409,1
20190410,1
20190411,1
20190412,1
20190415,1
20190416,1
20190417,1
20190418,1
20190419,1
20190422,1
20190423,1
20190424,1
20190425,1
20190426,1
20190429,1
20190430,1
20190506,1
20190507,1
20190508,1
20190509,1
20190510,1
20190513,1
20190514,1
20190515,1
20190516,1
20190517,1
20190520,1
20190521,1
20190522,1
20190523,1
20190524,1
20190527,1
20190528,1
20190529,1
20190530,1
20190531,1
20190603,1
20190604,1
20190605,1
20190606,1
20190610,1
20190611,1
20190612,1
20190613,1
20190614,1
20190617,1
20190618,1
20190619,1
20190620,1
20190621,1
20190624,1
20190625,1
20190626,1
20190627,1
20190628,1
20190701,1
20190702,1
20190703,1
20190704,1
20190705,1
20190708,1
20190709,1
20190710,1
20190711,1
20190712,1
20190715,1
20190716,1
20190717,1
20190718,1
20190719,1
20190722,1
20190723,1
20190724,1
20190725,1
20190726,1
20190729,1
20190730,1
20190731,1
20190801,1
20190802,1
20190805,1
20190806,1
20190807,1
20190808,1
20190809,1
20190812,1
20190813,1
20190814,1
20190815,1
20190816,1
20190819,1
20190820,1
20190821,1
20190822,1
20190823,1
20190826,1
20190827,1
20190828,1
20190829,1
20190830,1
20190902,1
20190903,1
20190904,1
20190905,1
20190906,1
20190909,1
20190910,1
20190911,1
20190912,1
20190916,1
20190917,1
20190918,1
20190919,1
20190920,1
20190923,1
20190924,1
20190925,1
20190926,1
20190927,1
20190930,1
20191008,1
20191009,1
20191010,1
20191011,1
20191014,1
20191015,1
20191016,1
20191017,1
20191018,1
20191021,1
20191022,1
20191023,1
20191024,1
20191025,1
20191028,1
20191029,1
20191030,1
20191031,1
20191101,1
20191104,1
20191105,1
20191106,1
20191107,1
20191108,1
20191111,1
20191112,1
20191113,1
20191114,1
20191115,1
20191118,1
20191119,1
20191120,1
20191121,1
20191122,1
20191125,1
20191126,1
20191127,1
20191128,1
20191129,1
20191202,1
20191203,1
20191204,1
20191205,1
20191206,1
20191209,1
20191210,1
20191211,1
20191212,1
20191213,1
20191216,1
20191217,1
20191218,1
20191219,1
20191220,1
20191223,1
20191224,1
20191225,1
20191226,1
20191227,1
20191230,1
20191231,1
20200102,1
20200103,1
20200106,1
20200107,1
20200108,1
20200109,1
20200110,1
20200113,1
20200114,1
20200115,1
20200116,1
20200117,1
20200120,1
20200121,1
20200122,1
20200123,1
20200203,1
20200204,1
20200205,1
20200206,1
20200207,1
20200210,1
20200211,1
20200212,1
20200213,1
20200214,1
20200217,1
20200218,1
20200219,1
20200220,1
20200221,1
20200224,1
20200225,1
20200226,1
20200227,1
20200228,1
20200302,1
20200303,1
20200304,1
20200305,1
20200306,1
20200309,1
20200310,1
20200311,1
20200312,1
20200313,1
20200316,1
20200317,1
20200318,1
20200319,1
20200320,1
20200323,1
20200324,1
20200325,1
20200326,1
20200327,1
20200330,1
20200331,1
20200401,1
20200402,1
20200403,1
20200407,1
20200408,1
20200409,1
20200410,1
20200413,1
20200414,1
20200415,1
20200416,1
20200417,1
20200420,1
20200421,1
20200422,1
20200423,1
20200424,1
20200427,1
20200428,1
20200429,1
20200430,1
20200506,1
20200507,1
20200508,1
20200511,1
20200512,1
20200513,1
20200514,1
20200515,1
20200518,1
20200519,1
20200520,1
20200521,1
20200522,1
20200525,1
20200526,1
20200527,1
20200528,1
20200529,1
20200601,1
20200602,1
20200603,1
20200604,1
20200605,1
20200608,1
20200609,1
20200610,1
20200611,1
20200612,1
20200615,1
20200616,1
20200617,1
20200618,1
20200619,1
20200622,1
20200623,1
20200624,1
20200629,1
20200630,1
20200701,1
20200702,1
20200703,1
20200706,1
20200707,1
20200708,1
20200709,1
20200710,1
20200713,1
20200714,1
20200715,1
20200716,1
20200717,1
20200720,1
20200721,1
20200722,1
20200723,1
20200724,1
20200727,1
20200728,1
20200729,1
20200730,1
20200731,1
20200803,1
20200804,1
20200805,1
20200806,1
20200807,1
20200810,1
20200811,1
20200812,1
20200813,1
20200814,1
20200817,1
20200818,1
20200819,1
20200820,1
20200821,1
20200824,1
20200825,1
20200826,1
20200827,1
20200828,1
20200831,1
20200901,1
20200902,1
20200903,1
20200904,1
20200907,1
20200908,1
20200909,1
20200910,1
20200911,1
20200914,1
20200915,1
20200916,1
20200917,1
20200918,1
20200921,1
20200922,1
20200923,1
20200924,1
20200925,1
20200928,1
20200929,1
20200930,1
20201009,1
20201012,1
20201013,1
20201014,1
20201015,1
20201016,1
20201019,1
20201020,1
20201021,1
20201022,1
20201023,1
20201026,1
20201027,1
20201028,1
20201029,1
20201030,1
20201102,1
20201103,1
20201104,1
20201105,1
20201106,1
20201109,1
20201110,1
20201111,1
20201112,1
20201113,1
20201116,1
20201117,1
20201118,1
20201119,1
20201120,1
20201123,1
20201124,1
20201125,1
20201126,1
20201127,1
20201130,1
20201201,1
20201202,1
20201203,1
20201204,1
20201207,1
20201208,1
20201209,1
20201210,1
20201211,1
20201214,1
20201215,1
20201216,1
20201217,1
20201218,1
20201221,1
20201222,1
20201223,1
20201224,1
20201225,1
20201228,1
20201229,1
20201230,1
20201231,1
20210104,1
20210105,1
20210106,1
20210107,1
20210108,1
20210111,1
20210112,1
20210113,1
20210114,1
20210115,1
20210118,1
20210119,1
20210120,1
20210121,1
20210122,1
20210125,1
20210126,1
20210127,1
20210128,1
20210129,1
20210201,1
20210202,1
20210203,1
20210204,1
20210205,1
20210208,1
20210209,1
20210210,1
20210218,1
20210219,1
20210222,1
20210223,1
20210224,1
20210225,1
20210226,1
20210301,1
20210302,1
20210303,1
20210304,1
20210305,1
20210308,1
20210309,1
20210310,1
20210311,1
20210312,1
20210315,1
20210316,1
20210317,1
20210318,1
20210319,1
20210322,1
20210323,1
20210324,1
20210325,1
20210326,1
20210329,1
20210330,1
20210331,1
20210401,1
20210402,1
20210406,1
20210407,1
20210408,1
20210409,1
20210412,1
20210413,1
20210414,1
20210415,1
20210416,1
20210419,1
20210420,1
20210421,1
20210422,1
20210423,1
20210426,1
20210427,1
20210428,1
20210429,1
20210430,1
20210506,1
20210507,1
20210510,1
20210511,1
20210512,1
20210513,1
20210514,1
20210517,1
20210518,1
20210519,1
20210520,1
20210521,1
20210524,1
20210525,1
20210526,1
20210527,1
20210528,1
20210531,1
20210601,1
20210602,1
20210603,1
20210604,1
20210607,1
20210608,1
20210609,0
20210610,0
20210611,0
20210615,0
20210616,0
20210617,0
20210618,0
20210621,0
20210622,0
20210623,0
20210624,0
20210625,0
20210628,0
20210629,0
20210630,0
20210701,0
20210702,0
20210705,0
20210706,0
20210707,0
20210708,0
20210709,0
20210712,0
20210713,0
20210714,0
20210715,0
20210716,0
20210719,0
20210720,0
20210721,0
20210722,0
20210723,0
20210726,0
20210727,0
20210728,0
20210729,0
20210730,0
20210802,0
20210803,0
20210804,0
20210805,0
20210806,0
20210809,0
20210810,0
20210811,0
20210812,0
20210813,0
20210816,0
20210817,0
20210818,0
20210819,0
20210820,0
20210823,0
20210824,0
20210825,0
20210826,0
20210827,0
20210830,0
20210831,0
20210901,0
20210902,0
20210903,0
20210906,0
20210907,0
20210908,0
20210909,0
20210910,0
20210913,0
20210914,0
20210915,0
20210916,0
20210917,0
20210922,0
20210923,0
20210924,0
20210927,0
20210928,0
20210929,0
20210930,0
20211008,0
20211011,0
20211012,0
20211013,0
20211014,0
20211015,0
20211018,0
20211019,0
20211020,0
20211021,0
20211022,0
20211025,0
20211026,0
20211027,0
20211028,0
20211029,0
20211101,0
20211102,0
20211103,0
20211104,0
20211105,0
20211108,0
20211109,0
20211110,0
20211111,0
20211112,0
20211115,0
20211116,0
20211117,0
20211118,0
20211119,0
20211122,0
20211123,0
20211124,0
20211125,0
20211126,0
20211129,0
20211130,0
20211201,0
20211202,0
20211203,0
20211206,0
20211207,0
20211208,0
20211209,0
20211210,0
20211213,0
20211214,0
20211215,0
20211216,0
20211217,0
20211220,0
20211221,0
20211222,0
20211223,0
20211224,0
20211227,0
20211228,0
20211229,0
20211230,0
20211231,0
